Chrom	Position	Ref	Variant	Quality	Frequency	Coverage	Allele Coverage	Strand Bias
chr1	43814979	G	A	590.051	0.0990495	1999	198	0.51872
chr1	43815009	G	T	670.712	0.105658	1997	211	0.511323
chr1	43815020	G	A	575.139	0.098	2000	196	0.53335
chr1	115256529	T	C	251.009	0.0685343	1999	137	0.511116
chr1	115256537	T	C	218.487	0.065	2000	130	0.50731
chr1	115258730	C	T	386.921	0.082041	1999	164	0.501509
chr1	115258747	C	T	339.31	0.0775	2000	155	0.517406
chr1	115258753	C	T	388.28	0.0821232	1997	164	0.507223
chr2	29432664	C	T	388.342	0.0820821	1998	164	0.56219
chr2	29443695	G	T	577.722	0.0980981	1998	196	0.525579
chr2	209113112	C	T	551.535	0.096	2000	192	0.558224
chr2	209113119	T	C	596.124	0.0995	2000	199	0.532626
chr2	209113140	C	T	624.994	0.10201	1990	203	0.533368
chr2	212288955	C	A	743.708	0.110555	1999	221	0.535496
chr2	212288964	C	A	731.718	0.110055	1999	220	0.516626
chr2	212530084	C	T	694.702	0.107	2000	214	0.519271
chr2	212530091	G	T	623.153	0.101703	1996	203	0.521161
chr2	212530135	T	C	551.749	0.096	2000	192	0.502853
chr2	212576810	A	G	467.808	0.0890445	1999	178	0.501021
chr2	212576877	G	A	478.92	0.09	2000	180	0.519498
chr2	212576896	C	A	571.208	0.0975976	1998	195	0.507601
chr2	212578348	A	G	622.112	0.101551	1999	203	0.500672
chr2	212578372	A	C	635.618	0.102603	1998	205	0.507733
chr2	212587172	G	T	510.003	0.0926854	1996	185	0.599154
chr2	212587197	G	T	485.57	0.0907268	1995	181	0.563488
chr2	212589812	T	C	514.851	0.093	2000	186	0.510664
chr2	212589838	G	A	491.041	0.0910455	1999	182	0.50486
chr2	212652764	T	C	548.424	0.0958354	1993	191	0.512512
chr2	212652791	G	C	515.105	0.0930465	1999	186	0.501555
chr3	10183797	T	A	280.23	0.0717511	1993	143	0.525897
chr3	10183808	G	C	313.79	0.0750751	1998	150	0.519057
chr3	10183817	C	T	254.804	0.069	2000	138	0.508991
chr3	10188200	C	A	247.508	0.0685686	1998	137	0.542227
chr3	10188210	T	C	354.942	0.079	2000	158	0.541517
chr3	10188245	G	C	264.317	0.07	2000	140	0.503433
chr3	10191479	C	G	443.954	0.0870435	1999	174	0.526229
chr3	10191488	C	T	472.492	0.0895	2000	179	0.522247
chr3	10191506	C	T	455.246	0.088	2000	176	0.520729
chr3	10191513	T	C	444.125	0.0870435	1999	174	0.516741
chr3	37067240	T	A	356.206	0.079198	1995	158	0.504328
chr3	41266101	C	G	222.958	0.0655328	1999	131	0.521363
chr3	41266113	C	T	217.962	0.0651956	1994	130	0.536232
chr3	41266124	A	G	209.615	0.064	2000	128	0.509755
chr3	41266137	C	T	227.055	0.066033	1999	132	0.515899
chr3	178916793	A	G	313.447	0.075	2000	150	0.525057
chr3	178916823	C	T	316.513	0.0755	2000	151	0.521546
chr3	178916936	G	A	298.069	0.0764967	1804	138	0.530706
chr3	178916944	A	G	305.766	0.0771775	1814	140	0.534397
chr3	178916957	G	T	308.968	0.07743	1821	141	0.5413
chr3	178921489	C	T	266.781	0.0704225	1988	140	0.5
chr3	178921520	C	T	229.875	0.0665	2000	133	0.584241
chr3	178921553	T	A	229.493	0.0665	2000	133	0.508736
chr3	178927450	T	C	277.87	0.0715358	1999	143	0.517999
chr3	178927980	T	C	132.373	0.0802377	673	54	0.545649
chr3	178928092	A	G	241.381	0.0675676	1998	135	0.525136
chr3	178936074	C	G	433.238	0.0862155	1995	172	0.502361
chr3	178936082	G	A	422.322	0.085213	1995	170	0.511139
chr3	178936091	G	A	421.959	0.0851703	1996	170	0.507508
chr3	178936098	A	G	371.457	0.0806209	1997	161	0.505061
chr3	178938860	A	C	355.35	0.079198	1995	158	0.518504
chr3	178947827	G	T	334.415	0.0770771	1998	154	0.539671
chr3	178947850	T	C	283.321	0.072036	1999	144	0.561164
chr3	178952055	A	G	343.759	0.078039	1999	156	0.55305
chr3	178952085	A	G	354.978	0.079	2000	158	0.50833
chr4	1803568	C	G	201.497	0.0630315	1999	126	0.557453
chr4	1803575	C	T	241.631	0.0676353	1996	135	0.593498
chr4	1806089	G	T	355.477	0.0790395	1999	158	0.504894
chr4	1806119	G	A	340.073	0.0775388	1999	155	0.531669
chr4	1806131	T	C	410.459	0.084042	1999	168	0.51706
chr4	1806153	C	A	402.397	0.0836254	1997	167	0.503549
chr4	1807894	G	A	29441.4	0.961442	1997	1920	0.514265
chr4	1808331	G	T	288.827	0.0725726	1998	145	0.503623
chr4	1808962	A	C	168.196	0.0593561	1988	118	0.564635
chr4	55141055	A	G	29595.1	1	1856	1856	0.5
chr4	55141097	T	C	239.612	0.0675676	1998	135	0.503113
chr4	55144148	C	A	339.683	0.0775776	1998	155	0.545627
chr4	55144172	A	G	355.468	0.0796593	1996	159	0.551302
chr4	55144547	C	T	201.527	0.063	2000	126	0.524563
chr4	55152085	G	T	204.017	0.0640641	1998	128	0.519121
chr4	55152093	A	T	168.31	0.0591208	1979	117	0.5714
chr4	55152112	C	A	241.186	0.0675676	1998	135	0.53091
chr4	55561702	C	T	264.054	0.07	2000	140	0.521087
chr4	55561764	G	A	273.941	0.0710355	1999	142	0.614738
chr4	55592192	T	C	393.439	0.0825826	1998	165	0.584728
chr4	55592202	A	T	360.575	0.0795398	1999	159	0.531736
chr4	55592211	A	G	371.05	0.0805	2000	161	0.551532
chr4	55593431	G	A	337.887	0.0775388	1999	155	0.524796
chr4	55593464	A	C	9670.61	0.484727	1997	968	0.514998
chr4	55593632	C	T	259.61	0.0695348	1999	139	0.519074
chr4	55593661	T	C	270.013	0.0707831	1992	141	0.515436
chr4	55593689	C	T	245.885	0.0680681	1998	136	0.565053
chr4	55594221	A	G	204.396	0.0635636	1998	127	0.571741
chr4	55594258	T	C	269.241	0.0705353	1999	141	0.576427
chr4	55597500	T	C	205.51	0.0635	2000	127	0.524065
chr4	55599284	C	T	293.821	0.0730365	1999	146	0.512581
chr4	55602737	G	A	1137.37	0.137	2000	274	0.509626
chr4	55946171	G	A	1284.87	0.146146	1998	292	0.533181
chr4	55955112	C	T	349.815	0.0785	2000	157	0.523118
chr4	55961023	C	A	197.227	0.0625939	1997	125	0.544883
chr4	55962505	T	C	172.14	0.0595298	1999	119	0.549474
chr4	55962545	T	TG	4801.18	0.415199	1987	825	0.876551
chr4	55972974	T	A	9305.33	0.47342	1994	944	0.527619
chr4	55979623	C	A	323.842	0.076038	1999	152	0.516405
chr4	55980239	C	T	20420.7	1	1291	1291	0.5
chr4	153247351	C	A	308.553	0.0745373	1999	149	0.591607
chr4	153247366	C	T	264.404	0.070035	1999	140	0.518705
chr4	153249384	C	T	222.729	0.0655	2000	131	0.502643
chr4	153249440	C	T	222.616	0.0655	2000	131	0.576523
chr4	153249456	C	A	232.492	0.0666333	1996	133	0.569621
chr4	153250883	G	A	214.119	0.0645323	1999	129	0.512127
chr4	153258983	G	A	214.055	0.0645	2000	129	0.552248
chr5	112173917	C	T	2919.25	0.231616	1999	463	0.530847
chr5	112173930	T	C	2682.49	0.22011	1999	440	0.514014
chr5	112173947	C	T	2607.34	0.216608	1999	433	0.517203
chr5	112174577	C	T	2392.99	0.206	2000	412	0.534596
chr5	112174596	A	G	2435.25	0.2085	2000	417	0.522302
chr5	112175162	C	T	2232.43	0.198099	1999	396	0.52263
chr5	112175171	C	T	2104.38	0.1915	2000	383	0.536289
chr5	112175211	T	TA	740.687	0.192443	1985	382	0.512005
chr5	112175255	G	T	1979.47	0.185	2000	370	0.502561
chr5	112175348	G	T	3022.49	0.236236	1998	472	0.542002
chr5	112175354	T	C	2934.64	0.2325	2000	465	0.537412
chr5	112175423	C	T	3224.01	0.246115	1995	491	0.544558
chr5	112175432	C	T	3228.6	0.2455	2000	491	0.533421
chr5	112175576	C	T	2887.76	0.232476	1983	461	0.524089
chr5	112175675	AAG	A	1338.14	0.218878	1960	429	0.533532
chr5	112175830	GC	G	993.536	0.193193	1998	386	0.528293
chr5	112175852	G	T	1999.49	0.186093	1999	372	0.507314
chr5	112175930	G	T	1856.36	0.178715	1992	356	0.513423
chr5	112175945	G	T	1785.16	0.175025	1994	349	0.51695
chr5	112175951	G	GA	180.852	0.127208	1981	252	0.684195
chr5	149433596	TG	GA	13298.1	0.597173	1981	1183	0.808112
chr5	149433645	T	C	2502.21	0.211606	1999	423	0.508795
chr5	149433673	C	T	2608.59	0.216825	1997	433	0.53929
chr5	170837543	C	CTCTG	2435.34	0.209995	1981	416	0.503466
chr7	55211080	G	A	2341.25	0.2035	2000	407	0.529372
chr7	55211097	G	A	2414.89	0.208208	1998	416	0.544339
chr7	55221822	C	T	2826.25	0.227	2000	454	0.514784
chr7	55221830	G	T	2777.03	0.224837	1997	449	0.538426
chr7	55233043	G	T	2807.89	0.22634	1997	452	0.507518
chr7	55241644	G	A	3491.71	0.257629	1999	515	0.529555
chr7	55241708	G	C	3252.31	0.24687	1997	493	0.516384
chr7	55241722	G	A	3494.18	0.2575	2000	515	0.53269
chr7	55242427	C	T	3669.39	0.265	2000	530	0.518956
chr7	55242433	G	A	3300.26	0.248749	1998	497	0.52103
chr7	55242452	C	T	3021.36	0.236118	1999	472	0.50134
chr7	55242464	AGGAATTAAGAGAAGC	A	1541.22	0.233673	1960	458	0.510641
chr7	55248995	G	A	2076.79	0.215166	1622	349	0.50235
chr7	55249063	G	A	5465.57	0.384804	1632	628	0.52263
chr7	55249077	T	C	2088.73	0.215337	1630	351	0.504097
chr7	55249131	G	A	3276.29	0.247748	1998	495	0.788681
chr7	55249143	T	C	3714.11	0.267034	1996	533	0.790048
chr7	55259515	T	G	2678.54	0.22022	1998	440	0.510126
chr7	55259524	T	A	2703.36	0.221332	1997	442	0.508608
chr7	55259530	G	A	2857.68	0.2285	2000	457	0.514251
chr7	55259554	C	G	3008.93	0.235854	1997	471	0.505514
chr7	116339642	G	T	2805.22	0.226292	1993	451	0.529294
chr7	116340262	A	G	2731.04	0.224016	1982	444	0.527374
chr7	116417465	T	C	2761.28	0.224674	1994	448	0.513872
chr7	116417499	C	G	2638.74	0.218109	1999	436	0.521684
chr7	116423428	T	G	2750.13	0.223724	1998	447	0.504307
chr7	116423449	G	T	2612.87	0.217217	1998	434	0.514462
chr7	116423456	A	G	2916.05	0.231	2000	462	0.532415
chr7	116423474	T	C	2934.8	0.232116	1999	464	0.511559
chr7	128845101	C	T	2915.71	0.231347	1997	462	0.509103
chr7	128846040	G	A	2358.39	0.205205	1998	410	0.500547
chr7	128846398	C	T	3403.67	0.253627	1999	507	0.505325
chr7	128850341	G	T	3100.96	0.23998	1996	479	0.500865
chr7	128851593	A	G	2138.97	0.195897	1950	382	0.511742
chr7	140453136	A	T	2793.37	0.2255	2000	451	0.508734
chr7	140453145	A	C	2850.17	0.228228	1998	456	0.519331
chr7	140453154	T	C	2924.12	0.231616	1999	463	0.546818
chr7	140453193	T	C	2817.18	0.226613	1999	453	0.518064
chr7	140481417	C	A	3088.76	0.239359	1997	478	0.52584
chr7	140481428	T	C	3097.46	0.23962	1999	479	0.526113
chr7	140481449	A	G	3086.59	0.23912	1999	478	0.52665
chr7	140481478	G	A	2827.82	0.227114	1999	454	0.514987
chr7	148508727	T	A	3042.83	0.237237	1998	474	0.507143
chr8	38282147	G	A	2869.5	0.229	2000	458	0.505373
chr8	38285864	G	A	5179.5	0.327	2000	654	0.779857
chr8	38285891	T	C	4505.78	0.30015	1999	600	0.680272
chr8	38285938	G	A	2408.55	0.207415	1996	414	0.566357
chr9	5073770	G	T	2258.23	0.1999	1991	398	0.506364
chr9	5073781	C	A	2239.29	0.199599	1994	398	0.500655
chr9	21971000	C	A	2728.14	0.257962	1570	405	0.518175
chr9	21971017	G	A	2662.3	0.253503	1570	398	0.522248
chr9	21971028	C	T	2687.19	0.255265	1567	400	0.523161
chr9	21971036	C	A	2656.16	0.254662	1555	396	0.51836
chr9	21971111	G	A	3186.42	0.243744	1998	487	0.543173
chr9	21971120	G	A	3196.54	0.244122	1999	488	0.529565
chr9	21971153	C	A	3427.34	0.255756	1998	511	0.51883
chr9	21971186	G	A	3730.98	0.267902	1997	535	0.504091
chr9	80409432	ACA	TGC	2249.24	0.199599	1994	398	0.510086
chr9	133738342	C	G	2271.72	0.2	2000	400	0.50751
chr9	133738349	G	A	2019.19	0.187	2000	374	0.51767
chr9	133738357	T	C	2371.38	0.205	2000	410	0.515029
chr9	133738363	G	A	2010.65	0.1865	2000	373	0.503118
chr9	133747520	A	G	1541.41	0.161565	1993	322	0.526452
chr9	133748391	T	C	1933.63	0.182683	1998	365	0.517381
chr9	133748403	A	G	1822.5	0.176677	1998	353	0.560629
chr9	133748414	T	G	1610.56	0.165	2000	330	0.512803
chr9	133750319	C	A	2018.5	0.187094	1999	374	0.520197
chr9	133750356	A	G	1903.74	0.181	2000	362	0.513906
chr9	139390779	G	T	1840.01	0.177678	1998	355	0.612025
chr9	139390804	CG	C	1142.11	0.245478	1935	475	0.66803
chr9	139390816	G	A	2032.23	0.188384	1980	373	0.509407
chr9	139390873	G	A	2094.66	0.191	2000	382	0.516792
chr9	139397768	A	G	1829.94	0.177089	1999	354	0.509894
chr9	139397776	G	A	1744.8	0.172586	1999	345	0.509977
chr9	139399344	A	G	956.661	0.130482	1847	241	0.549662
chr9	139399350	C	G	945.04	0.12945	1854	240	0.537747
chr9	139399365	A	G	1035.5	0.135948	1861	253	0.540207
chr9	139399422	A	G	980.818	0.132321	1844	244	0.528783
chr10	43609096	T	C	1876.47	0.17959	1999	359	0.516497
chr10	43609102	T	C	1886.06	0.18009	1999	360	0.513437
chr10	43609941	CG	C	1511.44	0.16006	1993	319	0.620897
chr10	43609946	TGTGCCGCA	T	1787.4	0.176174	1981	349	0.584989
chr10	43609990	G	A	1475.92	0.15974	1997	319	0.645679
chr10	43613840	G	C	2002.23	0.186186	1998	372	0.53018
chr10	43613843	G	T	8027.91	0.430862	1996	860	0.508075
chr10	43615568	GC	TT	1618.38	0.166583	1993	332	0.510314
chr10	43615622	G	A	1415.1	0.153808	1996	307	0.517078
chr10	43617416	T	C	1604.77	0.164747	1997	329	0.557729
chr10	89624245	G	T	1972.32	0.184777	1997	369	0.525455
chr10	89624266	A	G	1984.54	0.187094	1999	374	0.510759
chr10	89624275	C	T	1960.58	0.184	2000	368	0.527136
chr10	89624297	A	G	2350.28	0.204511	1995	408	0.503403
chr10	89685271	T	G	3602.58	0.265829	1990	529	0.526691
chr10	89685307	T	C	3750.37	0.2685	2000	537	0.516729
chr10	89685319	G	A	3486.28	0.258342	1978	511	0.526975
chr10	89692818	T	C	1722.2	0.171343	1996	342	0.516092
chr10	89692830	G	T	1698.94	0.171859	1990	342	0.514273
chr10	89692850	C	G	1714.84	0.171086	1999	342	0.521074
chr10	89692911	G	A	1710.28	0.1705	2000	341	0.52162
chr10	89717672	C	T	2626.43	0.2175	2000	435	0.500892
chr10	89717678	G	T	2651.01	0.218828	1997	437	0.503319
chr10	89717696	T	C	2647.78	0.218609	1999	437	0.501303
chr10	89717762	A	T	2965.19	0.233734	1998	467	0.513628
chr10	89717769	TA	T	521.867	0.208165	1984	413	0.562565
chr10	89720728	A	G	1666.43	0.1685	2000	337	0.502582
chr10	89720744	G	T	1673.98	0.168669	1998	337	0.508526
chr10	89720798	GTACT	G	2110.54	0.194885	1955	381	0.506579
chr10	89720874	A	G	2143.33	0.1935	2000	387	0.518227
chr10	123258034	A	T	418.483	0.0847968	1993	169	0.500701
chr10	123274774	A	G	515.474	0.0930465	1999	186	0.524572
chr10	123274794	T	C	539.899	0.0950951	1998	190	0.50297
chr10	123274810	T	C	449.418	0.0875	2000	175	0.50765
chr10	123279503	T	C	362.343	0.08004	1999	160	0.563681
chr10	123279519	C	T	318.485	0.0755	2000	151	0.537573
chr10	123279677	G	C	333.575	0.0771543	1996	154	0.549245
chr11	533874	T	C	329.491	0.0766149	1997	153	0.523162
chr11	533881	C	T	409.844	0.0840841	1998	168	0.533175
chr11	534242	A	G	11462.3	0.54004	1998	1079	0.50942
chr11	534288	C	A	365.715	0.08	2000	160	0.548925
chr11	108117798	C	T	352.396	0.0822222	1800	148	0.503033
chr11	108119823	T	C	303.383	0.100616	974	98	0.6127
chr11	108123551	C	T	502.676	0.092046	1999	184	0.51059
chr11	108138003	T	C	407.9	0.0840841	1998	168	0.525214
chr11	108155132	G	A	589.355	0.099	2000	198	0.516378
chr11	108170479	G	T	292.258	0.0730365	1999	146	0.5179
chr11	108172374	G	T	403.296	0.0835418	1999	167	0.511337
chr11	108172385	C	T	397.201	0.0825413	1999	165	0.509749
chr11	108172421	G	C	389.16	0.0822055	1995	164	0.533539
chr11	108173640	C	T	468.088	0.0895448	1999	179	0.518208
chr11	108180945	G	C	434.375	0.094132	1636	154	0.542087
chr11	108200958	A	C	438.213	0.0865433	1999	173	0.52645
chr11	108204681	A	G	230.633	0.126386	451	57	0.603904
chr11	108205769	G	C	255.224	0.0690691	1998	138	0.542036
chr11	108205780	C	A	283.426	0.072	2000	144	0.564894
chr11	108206594	A	T	427.356	0.0856284	1997	171	0.500206
chr11	108218045	A	G	332.642	0.0811429	1750	142	0.505519
chr11	108218089	C	G	339.806	0.0820896	1742	143	0.504141
chr11	108225590	A	T	527.638	0.0940941	1998	188	0.513398
chr11	108236087	G	A	479.094	0.09	2000	180	0.508635
chr11	108236118	A	G	585.327	0.0985	2000	197	0.542391
chr11	108236203	C	T	409.857	0.084042	1999	168	0.579327
chr12	25378647	T	G	473.139	0.0895448	1999	179	0.526217
chr12	25380275	T	G	263.529	0.0701754	1995	140	0.519915
chr12	25380283	C	T	337.274	0.0775	2000	155	0.517277
chr12	25398207	C	A	377.391	0.0818414	1955	160	0.501421
chr12	25398215	G	A	443.759	0.0877551	1960	172	0.520191
chr12	25398284	C	T	397.583	0.0835882	1962	164	0.52301
chr12	25398295	T	C	333.062	0.0775115	1961	152	0.520205
chr12	112888165	G	T	472.847	0.0895	2000	179	0.533812
chr12	112888189	G	A	472.782	0.0895	2000	179	0.537554
chr12	112888199	C	T	535.323	0.0945946	1998	189	0.52551
chr12	112888210	G	A	527.032	0.094	2000	188	0.501638
chr12	112926852	C	T	344.424	0.078	2000	156	0.520211
chr12	112926888	G	C	298.594	0.0735368	1999	147	0.553374
chr12	112926899	A	G	364.252	0.08	2000	160	0.529658
chr12	112926908	C	A	477.122	0.090045	1999	180	0.519619
chr12	121431413	G	T	397.889	0.0831247	1997	166	0.51632
chr12	121431428	A	C	438.883	0.0866299	1997	173	0.501137
chr12	121432032	C	T	489.938	0.0911824	1996	182	0.519108
chr12	121432040	C	T	387.671	0.082041	1999	164	0.528433
chr13	28592629	T	C	355.218	0.0790395	1999	158	0.507791
chr13	28592642	C	A	344.429	0.078039	1999	156	0.506144
chr13	28592653	C	T	350.184	0.0785393	1999	157	0.504913
chr13	28602329	G	A	299.829	0.0737212	1994	147	0.5321
chr13	28608281	A	G	210.081	0.0640961	1997	128	0.590698
chr13	28610138	G	A	227.847	0.066	2000	132	0.526447
chr13	28610183	A	G	27822.2	0.9325	2000	1865	0.503868
chr13	48919244	G	T	255.002	0.0875451	1108	97	0.574131
chr13	48923148	T	A	127.826	0.072104	846	61	0.524476
chr13	48941628	A	T	270.785	0.0705353	1999	141	0.531628
chr13	48941648	C	T	264.233	0.07	2000	140	0.53927
chr13	48941658	A	G	274.214	0.0710355	1999	142	0.505873
chr13	48941672	A	G	278.678	0.0715	2000	143	0.514818
chr13	48942685	C	T	345.137	0.0781172	1997	156	0.537056
chr13	48953760	C	T	227.148	0.066	2000	132	0.527128
chr13	48955538	C	T	172.038	0.0595298	1999	119	0.518185
chr13	48955550	C	T	172.199	0.0595298	1999	119	0.511788
chr13	48955571	T	C	164.16	0.0585586	1998	117	0.513746
chr13	49027168	C	T	29.7602	0.0383764	1355	52	0.543408
chr13	49037865	A	G	127.284	0.137255	204	28	0.539188
chr13	49037877	G	T	122.613	0.135266	207	28	0.545861
chr13	49037903	A	T	132.238	0.139423	208	29	0.535749
chr13	49037913	A	G	131.685	0.138756	209	29	0.537901
chr13	49039164	G	T	694.579	0.107	2000	214	0.524601
chr13	49039183	T	G	749.417	0.111	2000	222	0.551526
chr13	49039189	A	G	721.94	0.109055	1999	218	0.551128
chr13	49039215	A	T	717.354	0.108881	1993	217	0.526588
chr14	105246551	C	T	221.168	0.065995	1985	131	0.537823
chr15	90631838	C	T	175.881	0.06	2000	120	0.528858
chr15	90631879	T	C	210.035	0.0640961	1997	128	0.539336
chr15	90631934	C	T	196.832	0.0625313	1999	125	0.520422
chr16	68846087	A	G	96.5796	0.0496988	1992	99	0.654197
chr16	68846137	G	C	53.9666	0.0415	2000	83	0.734103
chr16	68847282	G	A	173.166	0.0595298	1999	119	0.519188
chr17	7574003	G	A	175.881	0.06	2000	120	0.557988
chr17	7574012	C	A	200.912	0.063	2000	126	0.552314
chr17	7574018	G	A	156.21	0.0575288	1999	115	0.561193
chr17	7574026	C	A	152.508	0.0570571	1998	114	0.578307
chr17	7577022	G	A	209.539	0.064	2000	128	0.516621
chr17	7577046	C	A	218.521	0.0650325	1999	130	0.510134
chr17	7577105	G	A	241.135	0.0675338	1999	135	0.512105
chr17	7577120	C	T	192.396	0.062	2000	124	0.527995
chr17	7577538	C	T	158.679	0.0580581	1998	116	0.519016
chr17	7577548	C	T	159.951	0.058	2000	116	0.503369
chr17	7577559	G	A	109.254	0.0510255	1999	102	0.518978
chr17	7577580	T	C	144.67	0.056	2000	112	0.5092
chr17	7578190	T	C	345.943	0.0780781	1998	156	0.525889
chr17	7578196	A	T	319.452	0.0756513	1996	151	0.522734
chr17	7578203	C	T	323.583	0.076	2000	152	0.518144
chr17	7578235	T	C	339.184	0.0775	2000	155	0.504225
chr17	7578388	C	T	254.792	0.069	2000	138	0.543472
chr17	7578442	T	C	201.413	0.063	2000	126	0.503936
chr17	7578449	C	T	156.045	0.0575	2000	115	0.519339
chr17	7578461	C	A	189.071	0.0616541	1995	123	0.541809
chr17	7578526	C	T	227.983	0.0661323	1996	132	0.507853
chr17	7578535	T	C	269.362	0.0705353	1999	141	0.510983
chr17	7578542	G	C	274.216	0.0710355	1999	142	0.526859
chr17	7578550	G	A	278.432	0.0715	2000	143	0.526714
chr17	7579358	C	A	196.432	0.0653153	1776	116	0.628873
chr17	7579368	A	C	213.101	0.0669643	1792	120	0.596555
chr17	7579414	C	T	413.509	0.0829421	1917	159	0.578371
chr17	7579442	G	A	584.508	0.0995914	1958	195	0.652166
chr17	7579472	G	C	21474.8	0.84097	1855	1560	0.540947
chr17	37880220	T	C	145.069	0.0560841	1997	112	0.505014
chr17	37880261	G	T	188.396	0.0615308	1999	123	0.578614
chr17	37881332	G	A	227.207	0.066	2000	132	0.528921
chr17	37881378	A	G	283.733	0.072036	1999	144	0.524134
chr17	37881440	C	T	259.639	0.0695348	1999	139	0.521387
chr18	48575112	T	C	227.411	0.066033	1999	132	0.601193
chr18	48575183	T	C	264.483	0.070035	1999	140	0.565802
chr18	48575195	C	T	245.843	0.0680681	1998	136	0.541497
chr18	48575209	C	T	176	0.06003	1999	120	0.541504
chr18	48575671	C	G	152.956	0.0777385	849	66	0.508216
chr18	48581198	G	T	224.425	0.0655656	1998	131	0.514246
chr18	48581229	C	A	313.897	0.0750751	1998	150	0.561665
chr18	48581243	C	T	273.792	0.071	2000	142	0.500663
chr18	48584560	C	T	192.451	0.062	2000	124	0.520786
chr18	48584593	C	T	276.956	0.0715	2000	143	0.519016
chr18	48586262	C	T	308.383	0.0745	2000	149	0.532184
chr18	48586291	G	C	344.656	0.078039	1999	156	0.556995
chr18	48591838	A	G	322.688	0.0756513	1996	151	0.509214
chr18	48591847	A	G	304.099	0.0741112	1997	148	0.512536
chr18	48591855	A	G	393.172	0.0825413	1999	165	0.539405
chr18	48591865	C	G	284.168	0.0721082	1997	144	0.530569
chr18	48593405	G	C	227.072	0.0707804	1653	117	0.540056
chr18	48593465	G	A	234.729	0.0713012	1683	120	0.542279
chr18	48593495	A	G	238.383	0.07164	1689	121	0.548339
chr18	48603032	C	T	205.48	0.0635318	1999	127	0.535959
chr18	48604682	A	G	197.01	0.0630946	1997	126	0.564847
chr18	48604697	A	G	269.735	0.0705353	1999	141	0.504496
chr18	48604754	G	T	279.564	0.0716074	1997	143	0.505098
chr18	48604769	C	A	255.356	0.0691037	1997	138	0.529966
chr19	1220321	T	C	25295.1	0.891591	1974	1760	0.500873
chr19	1220371	G	T	591.162	0.0996459	1977	197	0.505721
chr19	1220382	C	T	526.54	0.0946835	1975	187	0.515985
chr19	1221293	C	T	493.989	0.0915916	1998	183	0.501313
chr19	1221319	C	T	575.042	0.0981873	1986	195	0.525802
chr19	1223125	C	G	487.771	0.0907268	1995	181	0.527636
chr19	3118942	A	T	267.112	0.0706059	1997	141	0.602153
chr19	17945696	C	T	582.989	0.0985	2000	197	0.519124
chr19	17948009	G	A	364.052	0.08004	1999	160	0.50073
chr20	57484420	C	T	352.618	0.0843658	1695	143	0.538506
chr20	57484596	A	T	385.598	0.0820745	1986	163	0.556582
chr22	24133967	C	T	415.158	0.0845	2000	169	0.501228
chr22	24133990	C	A	403.054	0.0835836	1998	167	0.508941
chr22	24134006	C	T	372.785	0.0805403	1999	161	0.514357
chr22	24143240	C	T	345.336	0.0781563	1996	156	0.53686
chr22	24145582	C	T	97.9707	0.0495	2000	99	0.600745
chr22	24145588	G	A	111.916	0.0515	2000	103	0.562611
